fixture,torch-bf16,mlx-bf16,mlx-q8
color-red,1592.6,1270.4,1582.5
color-orange,1598.5,1299.7,1662.8
color-yellow,1600.9,1348.7,1724.3
color-green,1628.1,1407.1,1798.1
color-blue,1728.2,1414.4,2028.4
color-purple,1759.4,1475.7,2037.5
color-black,1787.1,1591.2,2297.4
color-white,1772.4,1630.1,2430.6
object,2123.7,1967.7,3546.8
plant,2110.9,2043.3,3580.8
thumbnail,2117.8,1926.6,3185.5
market,2029.5,1900.6,2929.8
neat,2691.0,2284.9,3524.2
art,1871.1,1541.7,2165.5
snack,1871.7,1503.9,1986.7
desk,1782.5,1361.4,1882.1
match,2065.7,1664.8,2161.8
json-approve,923.8,846.0,1098.7
json-reject,983.0,881.8,1028.9
text-approve,993.5,830.3,1034.9
text-reject,993.6,870.8,1024.8
